insert into public.courses (id,category,title,level,language,students,rating,hours,tags,description) values ('c-math','math','Основы математики','Начальный','ru',2840,4.9,12,ARRAY['stem','science','university']::text[],'Прочный фундамент по алгебре и функциям. Подходит для подготовки к школьным экзаменам и олимпиадам начального уровня.') on conflict (id) do update set category=excluded.category,title=excluded.title,level=excluded.level,language=excluded.language,students=excluded.students,rating=excluded.rating,hours=excluded.hours,tags=excluded.tags,description=excluded.description;
insert into public.lessons (course_id,id,position,title,duration,points,quiz) values ('c-math','l1',0,'Числа и операции','8 мин',ARRAY['Натуральные, целые и рациональные числа','Порядок выполнения арифметических операций','Свойства сложения и умножения']::text[],'{"q":"Чему равно выражение 2 + 3 × 4?","options":["20","14","24","10"],"correct":1}'::jsonb) on conflict (course_id,id) do update set position=excluded.position,title=excluded.title,duration=excluded.duration,points=excluded.points,quiz=excluded.quiz;
insert into public.lessons (course_id,id,position,title,duration,points,quiz) values ('c-math','l2',1,'Линейные уравнения','11 мин',ARRAY['Что такое уравнение и его корень','Перенос слагаемых через знак равенства','Решение уравнений вида ax + b = 0']::text[],'{"q":"Найди x: 3x − 6 = 0","options":["x = 0","x = 2","x = 3","x = −2"],"correct":1}'::jsonb) on conflict (course_id,id) do update set position=excluded.position,title=excluded.title,duration=excluded.duration,points=excluded.points,quiz=excluded.quiz;
insert into public.lessons (course_id,id,position,title,duration,points,quiz) values ('c-math','l3',2,'Функции и графики','14 мин',ARRAY['Понятие функции и аргумента','График линейной функции y = kx + b','Как k влияет на наклон прямой']::text[],'{"q":"Какой коэффициент отвечает за наклон прямой y = kx + b?","options":["b","k","x","y"],"correct":1}'::jsonb) on conflict (course_id,id) do update set position=excluded.position,title=excluded.title,duration=excluded.duration,points=excluded.points,quiz=excluded.quiz;
insert into public.courses (id,category,title,level,language,students,rating,hours,tags,description) values ('c-english','english','Английский для академического успеха','Средний','en',3920,4.8,16,ARRAY['languages','university']::text[],'Академический английский для эссе, презентаций и подготовки к IELTS. Реальные примеры и практика письма.') on conflict (id) do update set category=excluded.category,title=excluded.title,level=excluded.level,language=excluded.language,students=excluded.students,rating=excluded.rating,hours=excluded.hours,tags=excluded.tags,description=excluded.description;
insert into public.lessons (course_id,id,position,title,duration,points,quiz) values ('c-english','l1',0,'Academic vocabulary','10 мин',ARRAY['Формальная и неформальная лексика','Связующие слова: however, therefore, moreover','Как избегать повторов в эссе']::text[],'{"q":"Какое слово лучше подходит для академического эссе?","options":["kids","children","guys","folks"],"correct":1}'::jsonb) on conflict (course_id,id) do update set position=excluded.position,title=excluded.title,duration=excluded.duration,points=excluded.points,quiz=excluded.quiz;
insert into public.lessons (course_id,id,position,title,duration,points,quiz) values ('c-english','l2',1,'Essay structure','13 мин',ARRAY['Introduction, body, conclusion','Тезис (thesis statement) и его роль','Один абзац — одна мысль']::text[],'{"q":"Где обычно находится thesis statement?","options":["В заключении","В конце введения","В каждом абзаце","В заголовке"],"correct":1}'::jsonb) on conflict (course_id,id) do update set position=excluded.position,title=excluded.title,duration=excluded.duration,points=excluded.points,quiz=excluded.quiz;
insert into public.lessons (course_id,id,position,title,duration,points,quiz) values ('c-english','l3',2,'IELTS Writing Task 2','15 мин',ARRAY['Типы заданий: opinion, discussion, problem-solution','Минимум 250 слов и тайм-менеджмент','Критерии оценки: coherence и lexical resource']::text[],'{"q":"Сколько слов минимум нужно в IELTS Writing Task 2?","options":["150","200","250","400"],"correct":2}'::jsonb) on conflict (course_id,id) do update set position=excluded.position,title=excluded.title,duration=excluded.duration,points=excluded.points,quiz=excluded.quiz;
insert into public.courses (id,category,title,level,language,students,rating,hours,tags,description) values ('c-cs','cs','Основы информатики','Начальный','ru',4510,4.9,14,ARRAY['stem','programming']::text[],'Как думают программисты: алгоритмы, переменные и логика. Первый шаг в мир кода без сложной теории.') on conflict (id) do update set category=excluded.category,title=excluded.title,level=excluded.level,language=excluded.language,students=excluded.students,rating=excluded.rating,hours=excluded.hours,tags=excluded.tags,description=excluded.description;
insert into public.lessons (course_id,id,position,title,duration,points,quiz) values ('c-cs','l1',0,'Что такое алгоритм','9 мин',ARRAY['Алгоритм как последовательность шагов','Примеры алгоритмов в повседневной жизни','Свойства: точность, конечность, понятность']::text[],'{"q":"Какое свойство НЕ относится к алгоритму?","options":["Конечность","Точность","Бесконечность","Понятность"],"correct":2}'::jsonb) on conflict (course_id,id) do update set position=excluded.position,title=excluded.title,duration=excluded.duration,points=excluded.points,quiz=excluded.quiz;
insert into public.lessons (course_id,id,position,title,duration,points,quiz) values ('c-cs','l2',1,'Переменные и типы данных','12 мин',ARRAY['Переменная как «коробка» для значения','Числа, строки и логические значения','Имена переменных и читаемость кода']::text[],'{"q":"Какой тип данных у значения true?","options":["Строка","Число","Логический","Список"],"correct":2}'::jsonb) on conflict (course_id,id) do update set position=excluded.position,title=excluded.title,duration=excluded.duration,points=excluded.points,quiz=excluded.quiz;
insert into public.lessons (course_id,id,position,title,duration,points,quiz) values ('c-cs','l3',2,'Условия и циклы','13 мин',ARRAY['Конструкция if / else','Цикл for для повторяющихся действий','Когда использовать цикл вместо копипаста']::text[],'{"q":"Что делает цикл for?","options":["Принимает решение один раз","Повторяет действия несколько раз","Хранит данные","Завершает программу"],"correct":1}'::jsonb) on conflict (course_id,id) do update set position=excluded.position,title=excluded.title,duration=excluded.duration,points=excluded.points,quiz=excluded.quiz;
insert into public.courses (id,category,title,level,language,students,rating,hours,tags,description) values ('c-physics','physics','Основы физики','Начальный','ru',1960,4.7,13,ARRAY['stem','science']::text[],'Механика, силы и энергия простым языком. Понятные примеры из реального мира и базовые формулы.') on conflict (id) do update set category=excluded.category,title=excluded.title,level=excluded.level,language=excluded.language,students=excluded.students,rating=excluded.rating,hours=excluded.hours,tags=excluded.tags,description=excluded.description;
insert into public.lessons (course_id,id,position,title,duration,points,quiz) values ('c-physics','l1',0,'Движение и скорость','10 мин',ARRAY['Что такое путь, перемещение и скорость','Формула v = s / t','Равномерное и неравномерное движение']::text[],'{"q":"Чему равна скорость, если путь 100 м пройден за 20 с?","options":["2 м/с","5 м/с","20 м/с","120 м/с"],"correct":1}'::jsonb) on conflict (course_id,id) do update set position=excluded.position,title=excluded.title,duration=excluded.duration,points=excluded.points,quiz=excluded.quiz;
insert into public.lessons (course_id,id,position,title,duration,points,quiz) values ('c-physics','l2',1,'Силы и законы Ньютона','14 мин',ARRAY['Сила как причина изменения движения','Первый закон Ньютона (инерция)','Второй закон: F = ma']::text[],'{"q":"Что описывает формула F = ma?","options":["Закон сохранения энергии","Второй закон Ньютона","Закон Ома","Скорость"],"correct":1}'::jsonb) on conflict (course_id,id) do update set position=excluded.position,title=excluded.title,duration=excluded.duration,points=excluded.points,quiz=excluded.quiz;
insert into public.courses (id,category,title,level,language,students,rating,hours,tags,description) values ('c-ai','ai','Введение в искусственный интеллект','Средний','ru',2270,4.8,10,ARRAY['stem','programming','science']::text[],'Как работают нейросети и машинное обучение. Без сложной математики — на понятных примерах и аналогиях.') on conflict (id) do update set category=excluded.category,title=excluded.title,level=excluded.level,language=excluded.language,students=excluded.students,rating=excluded.rating,hours=excluded.hours,tags=excluded.tags,description=excluded.description;
insert into public.lessons (course_id,id,position,title,duration,points,quiz) values ('c-ai','l1',0,'Что такое ИИ','9 мин',ARRAY['Разница между ИИ, ML и нейросетями','Где ИИ используется сегодня','Данные — топливо для обучения моделей']::text[],'{"q":"Что является «топливом» для обучения моделей ИИ?","options":["Электричество","Данные","Интернет","Графика"],"correct":1}'::jsonb) on conflict (course_id,id) do update set position=excluded.position,title=excluded.title,duration=excluded.duration,points=excluded.points,quiz=excluded.quiz;
insert into public.lessons (course_id,id,position,title,duration,points,quiz) values ('c-ai','l2',1,'Как учится нейросеть','12 мин',ARRAY['Нейрон и связи между ними','Обучение на примерах (обучающая выборка)','Что такое ошибка и как модель её уменьшает']::text[],'{"q":"На чём учится нейросеть?","options":["На правилах","На примерах из данных","На случайностях","На формулах"],"correct":1}'::jsonb) on conflict (course_id,id) do update set position=excluded.position,title=excluded.title,duration=excluded.duration,points=excluded.points,quiz=excluded.quiz;
insert into public.courses (id,category,title,level,language,students,rating,hours,tags,description) values ('c-web','web','Веб-разработка с нуля','Начальный','ru',3380,4.9,18,ARRAY['programming']::text[],'Создай свой первый сайт: HTML, CSS и основы JavaScript. От пустой страницы до рабочего проекта.') on conflict (id) do update set category=excluded.category,title=excluded.title,level=excluded.level,language=excluded.language,students=excluded.students,rating=excluded.rating,hours=excluded.hours,tags=excluded.tags,description=excluded.description;
insert into public.lessons (course_id,id,position,title,duration,points,quiz) values ('c-web','l1',0,'HTML — структура страницы','11 мин',ARRAY['Теги, элементы и атрибуты','Семантические теги: header, main, footer','Структура базового HTML-документа']::text[],'{"q":"Какой тег задаёт самый крупный заголовок?","options":["<p>","<h1>","<div>","<title>"],"correct":1}'::jsonb) on conflict (course_id,id) do update set position=excluded.position,title=excluded.title,duration=excluded.duration,points=excluded.points,quiz=excluded.quiz;
insert into public.lessons (course_id,id,position,title,duration,points,quiz) values ('c-web','l2',1,'CSS — внешний вид','13 мин',ARRAY['Селекторы и свойства','Цвета, отступы и шрифты','Что такое адаптивный дизайн']::text[],'{"q":"Какое свойство меняет цвет текста?","options":["background","color","font-size","margin"],"correct":1}'::jsonb) on conflict (course_id,id) do update set position=excluded.position,title=excluded.title,duration=excluded.duration,points=excluded.points,quiz=excluded.quiz;
insert into public.opportunities (id,title,organization,category,format,grades,eligibility,description,tags,deadline,link) values ('o1','Республиканская олимпиада по математике','НЦТ Казахстан','olympiad','Офлайн','9–11','Ученики 9–11 классов школ Казахстана','Главная школьная олимпиада страны. Победители получают гранты на обучение и приглашение на международные этапы.',ARRAY['stem','science','university']::text[],'2026-07-10','https://example.org/math-olympiad') on conflict (id) do update set title=excluded.title,organization=excluded.organization,category=excluded.category,format=excluded.format,grades=excluded.grades,eligibility=excluded.eligibility,description=excluded.description,tags=excluded.tags,deadline=excluded.deadline,link=excluded.link;
insert into public.opportunities (id,title,organization,category,format,grades,eligibility,description,tags,deadline,link) values ('o2','Грант на обучение «Болашак Junior»','Фонд Болашак','scholarship','Онлайн','10–11','Ученики с высокой успеваемостью и активной позицией','Стипендия для одарённых школьников, покрывающая летние программы в ведущих университетах мира.',ARRAY['university','social']::text[],'2026-08-01','https://example.org/bolashak-junior') on conflict (id) do update set title=excluded.title,organization=excluded.organization,category=excluded.category,format=excluded.format,grades=excluded.grades,eligibility=excluded.eligibility,description=excluded.description,tags=excluded.tags,deadline=excluded.deadline,link=excluded.link;
insert into public.opportunities (id,title,organization,category,format,grades,eligibility,description,tags,deadline,link) values ('o3','Astana Hub: IT-стажировка для школьников','Astana Hub','internship','Гибрид','10–11','Базовые знания программирования приветствуются','Летняя стажировка в технопарке: реальные проекты, менторы из IT-компаний и сертификат по итогам.',ARRAY['programming','stem']::text[],'2026-06-28','https://example.org/astana-hub') on conflict (id) do update set title=excluded.title,organization=excluded.organization,category=excluded.category,format=excluded.format,grades=excluded.grades,eligibility=excluded.eligibility,description=excluded.description,tags=excluded.tags,deadline=excluded.deadline,link=excluded.link;
insert into public.opportunities (id,title,organization,category,format,grades,eligibility,description,tags,deadline,link) values ('o4','Международный хакатон Mentoria AI Challenge','Mentoria','competition','Онлайн','8–11','Команды до 4 человек, любой уровень подготовки','Создай AI-решение реальной проблемы за выходные. Призовой фонд, менторская поддержка и стажировки для финалистов.',ARRAY['programming','stem','social']::text[],'2026-07-20','https://example.org/ai-challenge') on conflict (id) do update set title=excluded.title,organization=excluded.organization,category=excluded.category,format=excluded.format,grades=excluded.grades,eligibility=excluded.eligibility,description=excluded.description,tags=excluded.tags,deadline=excluded.deadline,link=excluded.link;
insert into public.opportunities (id,title,organization,category,format,grades,eligibility,description,tags,deadline,link) values ('o5','Летняя школа предпринимательства','MOST Ventures','summer','Офлайн','9–11','Все желающие развивать бизнес-мышление','Две недели интенсива: от идеи до питча перед инвесторами. Учись запускать стартапы у действующих основателей.',ARRAY['business','finance','social']::text[],'2026-08-15','https://example.org/summer-business') on conflict (id) do update set title=excluded.title,organization=excluded.organization,category=excluded.category,format=excluded.format,grades=excluded.grades,eligibility=excluded.eligibility,description=excluded.description,tags=excluded.tags,deadline=excluded.deadline,link=excluded.link;
insert into public.opportunities (id,title,organization,category,format,grades,eligibility,description,tags,deadline,link) values ('o6','Олимпиада по информатике (ICPC Junior)','IT Олимпиада KZ','olympiad','Онлайн','9–11','Ученики, знакомые с основами программирования','Соревнование по спортивному программированию. Развивай алгоритмическое мышление и борись за место в сборной.',ARRAY['programming','stem']::text[],'2026-09-05','https://example.org/icpc-junior') on conflict (id) do update set title=excluded.title,organization=excluded.organization,category=excluded.category,format=excluded.format,grades=excluded.grades,eligibility=excluded.eligibility,description=excluded.description,tags=excluded.tags,deadline=excluded.deadline,link=excluded.link;
insert into public.opportunities (id,title,organization,category,format,grades,eligibility,description,tags,deadline,link) values ('o7','Эко-волонтёрство: Green Steppe','Green Steppe NGO','volunteer','Офлайн','8–11','Все, кому небезразлична экология','Участвуй в посадке деревьев и эко-просвещении. Отличный опыт для портфолио и поступления за рубеж.',ARRAY['social','science']::text[],'2026-07-01','https://example.org/green-steppe') on conflict (id) do update set title=excluded.title,organization=excluded.organization,category=excluded.category,format=excluded.format,grades=excluded.grades,eligibility=excluded.eligibility,description=excluded.description,tags=excluded.tags,deadline=excluded.deadline,link=excluded.link;
insert into public.opportunities (id,title,organization,category,format,grades,eligibility,description,tags,deadline,link) values ('o8','Стипендия для будущих программистов','nFactorial School','scholarship','Онлайн','10–11','Мотивированные ученики с интересом к IT','Полное покрытие стоимости интенсивного буткемпа по разработке. Отбор по мотивационному эссе и тесту логики.',ARRAY['programming','university']::text[],'2026-08-25','https://example.org/nfac-scholarship') on conflict (id) do update set title=excluded.title,organization=excluded.organization,category=excluded.category,format=excluded.format,grades=excluded.grades,eligibility=excluded.eligibility,description=excluded.description,tags=excluded.tags,deadline=excluded.deadline,link=excluded.link;
insert into public.opportunities (id,title,organization,category,format,grades,eligibility,description,tags,deadline,link) values ('o9','Конкурс эссе по финансовой грамотности','Halyk Finance','competition','Онлайн','9–11','Все ученики старших классов','Напиши эссе о личных финансах и инвестициях. Лучшие работы получают денежные призы и менторство.',ARRAY['finance','business']::text[],'2026-06-30','https://example.org/finance-essay') on conflict (id) do update set title=excluded.title,organization=excluded.organization,category=excluded.category,format=excluded.format,grades=excluded.grades,eligibility=excluded.eligibility,description=excluded.description,tags=excluded.tags,deadline=excluded.deadline,link=excluded.link;
insert into public.opportunities (id,title,organization,category,format,grades,eligibility,description,tags,deadline,link) values ('o10','Research Summer School по биологии','Nazarbayev University','summer','Офлайн','10–11','Интерес к естественным наукам и исследованиям','Проведи собственное мини-исследование в университетской лаборатории под руководством учёных.',ARRAY['science','stem','university']::text[],'2026-07-15','https://example.org/research-summer') on conflict (id) do update set title=excluded.title,organization=excluded.organization,category=excluded.category,format=excluded.format,grades=excluded.grades,eligibility=excluded.eligibility,description=excluded.description,tags=excluded.tags,deadline=excluded.deadline,link=excluded.link;
insert into public.opportunities (id,title,organization,category,format,grades,eligibility,description,tags,deadline,link) values ('o11','Международная олимпиада по английскому','British Council','olympiad','Онлайн','8–11','Уровень английского от B1','Проверь свой английский на международном уровне. Сертификаты и скидки на подготовку к IELTS для призёров.',ARRAY['languages','university']::text[],'2026-09-20','https://example.org/english-olympiad') on conflict (id) do update set title=excluded.title,organization=excluded.organization,category=excluded.category,format=excluded.format,grades=excluded.grades,eligibility=excluded.eligibility,description=excluded.description,tags=excluded.tags,deadline=excluded.deadline,link=excluded.link;
insert into public.opportunities (id,title,organization,category,format,grades,eligibility,description,tags,deadline,link) values ('o12','Социальный проект: Teach for KZ','Teach for Kazakhstan','volunteer','Гибрид','10–11','Желание помогать младшим ученикам','Стань наставником для школьников из сёл. Помогай с учёбой онлайн и развивай лидерские навыки.',ARRAY['social','languages']::text[],'2026-08-10','https://example.org/teach-kz') on conflict (id) do update set title=excluded.title,organization=excluded.organization,category=excluded.category,format=excluded.format,grades=excluded.grades,eligibility=excluded.eligibility,description=excluded.description,tags=excluded.tags,deadline=excluded.deadline,link=excluded.link;
